ts,CH2,CH3,CH4
20251222_161219,122.1000001780646,181.5630424204192,102.6106159349463
20251222_161304,266.8280781551966,119.4107377834109,75.544926846947
