ts,CH2,CH3,CH4
20251222_164601,22.5763609260459,276.3390619558775,21.3864920362607
20251222_164649,283.557672427178,143.8471728056128,228.509107327993
20251222_164737,116.4916490307121,95.8583517226787,137.3823802704704
20251222_164825,320.455539885027,39.181333766657,49.0835546703851
